{"change_rate":0.977494268349258,"prey":[{"catch_rate":3.17317847346119e-05,"consumption":36.4141565301464,"species":0},{"catch_rate":3.7620164688278e-05,"consumption":57.2504663818005,"species":2}],"resources":[],"size":122.245944844122,"species":4}