{"change_rate":0.997073534598996,"prey":[{"catch_rate":9.09684542552805e-06,"consumption":2433.17077565288,"species":0},{"catch_rate":1.21783129412268e-06,"consumption":5730.49070278395,"species":2}],"resources":[],"size":4224.08352792117,"species":4}