{"change_rate":1.04063728765673,"prey":[],"resources":[{"affinity":1.00405279781574,"consumption":1.0,"type":1},{"affinity":1.0,"consumption":-0.12889724862282,"type":8},{"affinity":1.0,"consumption":1.0,"type":9},{"affinity":1.0,"consumption":1.0,"type":10}],"size":15392071.7275977,"species":1}