{"change_rate":1.01430088072378,"prey":[],"resources":[{"affinity":1.0264226843388,"consumption":1.0,"type":1},{"affinity":1.0,"consumption":-0.1,"type":8},{"affinity":1.05,"consumption":1.0,"type":9},{"affinity":1.0,"consumption":-3.68496268911218,"type":10}],"size":6900068.28732624,"species":2}