{"change_rate":0.98246438566441,"prey":[{"catch_rate":4.02548246897578e-07,"consumption":1.30881432466401,"species":0},{"catch_rate":4.01085988585103e-08,"consumption":2.67558226494518,"species":1},{"catch_rate":9.55218648331116e-08,"consumption":1.19838099447419,"species":2}],"resources":[],"size":13214.6115209589,"species":6}