{"change_rate":0.977152703342413,"prey":[{"catch_rate":4.81311767386204e-10,"consumption":0.120417996906483,"species":0},{"catch_rate":1.96500958835955e-11,"consumption":0.206688723846112,"species":1},{"catch_rate":6.15327508261308e-11,"consumption":0.193208578185382,"species":2}],"resources":[],"size":26256.5727808586,"species":6}