{"change_rate":1.05054895320052,"prey":[],"resources":[{"affinity":1.02418088062687,"consumption":1.0,"type":1},{"affinity":1.0,"consumption":1.0,"type":10}],"size":25924.8025544634,"species":0}