{"change_rate":1.03852785455496,"prey":[],"resources":[{"affinity":1.07398724350235,"consumption":1.0,"type":1},{"affinity":1.0,"consumption":1.0,"type":10}],"size":3259678.20035871,"species":0}