{"change_rate":0.972988099125022,"prey":[{"catch_rate":1.69153656645872e-08,"consumption":6.0892592699068,"species":6}],"resources":[],"size":9049320.21649565,"species":7}