{"change_rate":0.942499801275422,"prey":[{"catch_rate":0.00228496486550873,"consumption":80.4219376207446,"species":4}],"resources":[],"size":16.4339143286492,"species":5}